parameter,stack_index,value
book_theta1,24,0.209036507124016
book_theta3,26,1.23039495082381e-05
book_theta4,27,6.09690684324407e-05
book_theta8,29,0.000195284785672413
book_theta9,30,0.126483769268266
book_theta10,31,2.06925512729518e-23
egr_loss_k_V,76,0.0469537283761999
egr_loss_exp,77,1
egr_loss_rh_V,78,0.424794915914056
