coolant_flow_L_min,h_cool_curve_W_K
5.5,836
6,836
6.5,905.666666666667
7.5,1045
9.1,1267.93333333334
10,1393.33333333333
11.1,1546.6
11.5,1602.33333333333
